team,defPlays,blitzRate,thirdDownBlitzRate,manRate,pressureRate,sackRate,coverages,offPlays,pressureAllowedRate,sackAllowedRate
ARI,265,0.3019,0.2838,0.2976,0.3623,0.0679,"Cover-3 34%, Cover-1 14%, Cover-2 14%",235,0.3702,0.0851
ATL,229,0.179,0.2923,0.2785,0.3231,0.0437,"Cover-2 48%, Cover-1 21%, Cover-3 19%",289,0.3737,0.045
BAL,258,0.3256,0.4308,0.4223,0.3527,0.062,"Cover-1 30%, Cover-3 29%, Cover-6 13%",271,0.4059,0.0812
BUF,249,0.1606,0.1667,0.3093,0.4297,0.0643,"Quarters 26%, Cover-1 22%, Cover-3 22%",254,0.437,0.0315
CAR,263,0.3308,0.4054,0.332,0.4106,0.076,"Cover-3 32%, Cover-1 27%, Quarters 16%",294,0.4286,0.0782
CHI,242,0.1446,0.1429,0.323,0.3719,0.0826,"Cover-3 28%, Cover-1 26%, Cover-6 24%",248,0.375,0.1169
CIN,331,0.1813,0.3,0.2893,0.3897,0.0665,"Cover-3 32%, Cover-1 22%, Cover-2 18%",258,0.3256,0.0775
CLE,260,0.2154,0.2391,0.2418,0.4346,0.0846,"Cover-3 35%, Quarters 30%, Cover-1 19%",249,0.3534,0.0924
DAL,261,0.2605,0.3846,0.4337,0.3755,0.046,"Cover-1 37%, Cover-3 24%, Cover-2 16%",261,0.3218,0.046
DEN,266,0.3534,0.4607,0.452,0.3722,0.0714,"Cover-1 33%, Cover-6 23%, Cover-3 17%",292,0.4075,0.0822
DET,225,0.2533,0.3692,0.2593,0.3467,0.0622,"Cover-3 29%, Cover-1 18%, Cover-2 16%",328,0.3963,0.0671
GB,279,0.1935,0.2239,0.2344,0.3978,0.0681,"Cover-3 33%, Cover-1 19%, Quarters 19%",226,0.3319,0.0752
HOU,230,0.1565,0.1273,0.2093,0.3348,0.0652,"Cover-2 33%, Cover-3 25%, Cover-1 19%",251,0.4064,0.0837
IND,267,0.1798,0.2466,0.2302,0.3333,0.0637,"Cover-3 33%, Cover-2 20%, Cover-1 19%",258,0.438,0.0814
JAX,223,0.3004,0.2676,0.3796,0.3901,0.0538,"Cover-3 32%, Cover-1 31%, Cover-2 16%",264,0.3977,0.0417
KC,263,0.3194,0.3971,0.3951,0.3612,0.0418,"Cover-1 26%, Cover-2 23%, Cover-3 16%",339,0.3687,0.0442
LA,318,0.2799,0.3088,0.1313,0.3805,0.0755,"Cover-3 45%, Quarters 19%, Cover-6 16%",251,0.2789,0.0319
LAC,227,0.2555,0.386,0.3602,0.37,0.0573,"Cover-3 33%, Cover-1 27%, Cover-6 15%",274,0.3139,0.0474
LV,275,0.0982,0.1594,0.1583,0.3891,0.0618,"Cover-3 61%, Cover-1 15%, Quarters 14%",264,0.375,0.0606
MIA,295,0.3492,0.4118,0.5302,0.3966,0.0441,"Cover-1 40%, Cover-3 30%, Cover-2 10%",309,0.4401,0.0647
MIN,254,0.2677,0.2923,0.2667,0.4094,0.0984,"Cover-3 26%, Cover-1 22%, Cover-2 15%",254,0.374,0.0354
NE,282,0.1986,0.2561,0.5261,0.3582,0.0638,"Cover-1 45%, Cover-3 27%, Cover-2 15%",286,0.3357,0.0559
NO,269,0.2379,0.3014,0.3922,0.3309,0.0558,"Cover-3 29%, Cover-1 28%, Quarters 16%",203,0.4729,0.0591
NYG,288,0.1944,0.1798,0.2538,0.3576,0.059,"Cover-3 38%, Cover-1 17%, Cover-2 15%",299,0.3746,0.0502
NYJ,247,0.3117,0.5132,0.3777,0.3644,0.0648,"Cover-1 33%, Cover-3 30%, Quarters 15%",271,0.4133,0.0775
PHI,260,0.1538,0.2162,0.1083,0.4077,0.0692,"Cover-3 35%, Cover-6 17%, Quarters 15%",255,0.451,0.051
PIT,247,0.1943,0.1231,0.2771,0.3563,0.081,"Cover-3 36%, Cover-1 22%, Cover-2 20%",238,0.2731,0.0546
SEA,306,0.2386,0.2683,0.1815,0.3562,0.049,"Cover-3 36%, Cover-2 17%, Cover-6 17%",233,0.4506,0.1073
SF,230,0.287,0.4324,0.276,0.3522,0.0609,"Cover-3 40%, Cover-1 25%, Quarters 18%",219,0.3516,0.0502
TB,324,0.3951,0.4268,0.2825,0.4167,0.0494,"Cover-3 27%, Cover-2 19%, Quarters 16%",309,0.2621,0.0388
TEN,316,0.1867,0.2442,0.3367,0.3766,0.0633,"Cover-1 27%, Cover-3 26%, Cover-2 18%",277,0.3827,0.083
WAS,308,0.3377,0.2917,0.3053,0.3896,0.0617,"Cover-3 31%, Cover-1 25%, Quarters 18%",298,0.3523,0.0503
